TAXONOMIE,,,,TOLÉRANCES / BESOINS,,,,,ARCHITECTURE,,,,FONCTIONS,,,,,,,USAGES,,ORNEMENTAL,,,,HORTICULTURE,,,,EXTRA,,,
Genre, Espèce,Nom français,Nom Anglais,Zone de rusticité,Lumière,Eau,pH (Min-Max),Texture du sol,Forme,Racine,Hauteur(m),Largeur(m),Fixateur Azote,Accumulateur de Nutriments,Vie sauvage,Pollinisateurs,Couvre-sol,Haie,Utilisation écologique,Comestible,Medicinal,Période de floraison,Couleur de floraison,Couleur de feuillage,Intérêt automnale hivernal,Rythme de croissance,Période de taille,Multiplication,Inconvénient,Notes,Cultivars intéressants,Où peut-on la trouver?,Lien Information
Acer,saccharinum,Érable Argenté,Silver maple,2b,○◐●,▅█,"6 – 7,5",░ ▒ ▓,A,"S, F",24,24,*,X,A,G,*,*,BR,S,*,*,*,V,A,R,T,SP,D,Variété avec eau sucré.,,,
Acer,saccharum,Érable à Sucre,Sugar maple,3b,○◐●,▅,5 – 8,▒,A,"S, L",15,20,*,X,NA,G,*,*,BR,S,X,*,*,V,A,L,N,SA,D,Espèces d'érables principalement utilisées pour la production de sirop d'érable avec l'érable Noir et l'érable Rouge.,,,
Achillea,millefolium,Achillée millefeuille,Yarrow,3,○,▁▅,5 – 8,░ ▒,H,"F, R","0,5","0,4",*,X,*,S,X,*,*,*,X,"É, A",B,V,*,R,*,SP,D,,terra cotta,,
Actaea,racemosa,Actée à grappes,Black cohosh,4,◐●,▅█,"5 – 6,2",░ ▒ ▓,H,R,"0,6","1,2",*,X,N,G,*,*,*,*,X,"É, A",B,V,*,M,*,"B, SA",*,"Nécessite un niveau d’ensoleillement de 30 à 50 %, l’actée à grappes noires requiert aussi du paillis, en général de paille, d’une épaisseur de 5-10 cm.",,,
Actinidia,arguta,Vigne de kiwi,Hardy kiwi,4,○◐,▅█,4 – 9,░ ▒ ▓,G,S,4,4,*,*,*,*,*,*,*,Fr,X,P,B,V,*,"R, M",*,?,E,Dioique -  besoin d'un male et d'une femelle pour avoir des fruits.,"Issai=autofecond produit rapidement sans besoin d'un plant mâle mais de facon ératique. Fruits plus petit sans pollenisation. Éviter en contexte de production (moins rustique-zone 5 voir 6). Interessant si peu d'espace, en pot, rentré à l'abris des gels l'automne venu. ",,
Actinidia,kolomikta,Kiwi arctique,Superhardy kiwifruit,3,○◐,▅,5 – 8,▒ ▓,G,S,4,4,*,*,*,*,*,*,*,Fr,X,P,B,V,*,R,*,BP,E,Dioique - besoin d'un male et d'une femelle pour avoir des fruits.,,,
Agastache,foeniculum,Agastache fenouil,Anise Hyssop,4,○◐,▅,6 – 8,░ ▒,H,L,"0,9","0,4",*,*,*,G,X,*,BR,Fe,X,"É, A",B,V,*,?,*,DP,*,Saveur d’anis,"Blue Fortune, Golden Jubilee (feuillage vert lime, se resème)",,
Ajuga,reptans,Bugle rampante,Carpetweed,3,○◐●,▅█,,░ ▒ ▓,H,D,"0,1","0,2",*,*,N,G,X,*,P,JP,X,P,B,V,*,R,É,"BA, DA",E,Bon couvre sol attirant beaucoup de pollinisateurs.,,,
Alchemilla ,vulgaris,Alchémille/Manteau de Notre-Dame,Lady's mantle,3a,○◐●,▅█,6 – 7,░ ▒ ▓,H,"C, F","0,4","0,3",*,*,*,*,X,*,*,"Fe, R",X,"P, É, A",J,V,*,M,*,"DA, SP",E,"
",,,
Allium,ascalonicum,Échalotte,Shallot,4,○◐,▅,5 – 8,░ ▒ ▓,H,B,"0,4","0,2",*,*,*,G,X,*,*,"Fe, B",X,É,B,V,*,M,*,DA,*,Souvent appelé Échalotte francaise au Québec.,Échalotes de Saint-Anne,,
Allium,cepa aggregatum,Oignon patate,Potato onion,5,○,▅,"4,5 – 8,3",░ ▒,H,B,"0,3","0,3",*,*,*,G,*,*,*,"Fe, B",X,"P, É, A",B,V,*,M,*,"SP,  DA",*,,,,
Allium,cepa proliferum,Oignon égyptien / catawissa,Walking onion,4,○,▅,"4,5 – 8,3",░ ▒,H,B,"0,6","0,6 – 1,5",*,*,*,G,*,*,*,"Fe, B",X,"P, É, A",B,V,*,"M, R",*,DA,*,On peut également replanter les bulbilles à l'automne ou au printemps suivant.,,,
Allium,cernuum,Ail penché,Nodding Wild Onion,3,○◐,▁▅,,░ ▒,H,B,"0,5","0,25",*,*,*,G,*,*,*,"Fe, B",X,,,,,,,,,,,,https://pepiniererustique.ca/boutique/fr/allium-cernuum-p68/
Allium,fistulosum,Ciboule (oignon vert vivace),Welsh onion,4,○,▅,6 – 8,░ ▒ ▓,H,B,"0,2","0,4",*,*,*,G,*,*,*,"Fe, B",X,P,B,V,*,*,*,"SP, DA",*,,,,
Allium,sativum,Ail cultivé,Garlic,3,○,▁▅,5 – 8,░ ▒ ▓,H,B,"0,6","0,2",*,*,*,G,*,*,*,"Fl, Fe, B, Gr",X,"P, É",P,V,*,R,*,DA,*,,,,
Allium,schoenoprasum,Ciboulette,Chives,2,○◐,▅,5 – 7,░ ▒ ▓,H,B,"0,15","0,4",*,X,*,G,X,*,*,"Fe, B",X,É,M,V,*,"L, M",*,D,*,,,,
Allium,tricoccum,Ail des bois,"Ramps, Wild onion",4,◐●,▅,6 – 8,░ ▒,H,B,"0,15","0,25",*,*,*,G,*,*,*,"Fe, B",X,P,B,V,*,L,*,"SP, D",*,,,,
Allium,tuberosum,Ciboulette à l'ail,Garlic chives,3,○,▅,5 – 8,░ ▒ ▓,H,B,"0,5","0,45",*,*,*,G,X,*,*,"Fe, B",X,P,B,V,*,"L, M",*,"SP, DP",*,,,,
Allium,ursinum,Ail des ours,Wild Garlic,5,○◐●,▅█,6 – 8,░ ▒,H,B,"0,3","0,3",*,*,*,G,*,*,*,"Fe, B",X,P,B,V,*,L,*,"SP, D",*,,,,
Alnus,incana,Aulne blanc,Gray alder,2b,○◐,▁▅█,"5,5 – 7,5",▒ ▓,A,"S, D",15,8,X,*,*,*,*,X,BR,*,*,*,*,V,*,M,T,SAP,*,Des boutures peuvent être plantées directement dans un sol sablonneux à l'automne,,,
Alnus,incana ssp rugosa,Aulne rugueux,Speckled alder,2,○◐,▅█,?,▒ ▓,Ar,"L, S",6 – 10,6 – 10,X,*,*,*,*,X,BR,*,X,P,*,V,*,R,?,SAP,*,Des boutures peuvent être plantées directement dans un sol sablonneux à l'automne,,,
Alnus,viridis ssp crispa,Aulne crispé,Green alder,1,○◐,▅█,?,▒ ▓,Ar,?,3,3,X,*,*,*,*,X,BR,Fl,X,P,*,V,*,?,*,SAP,*,Des boutures peuvent être plantées directement dans un sol sablonneux à l'automne,,,
Althaea,officinalis,Guimauve,Marshmallow,3,○,▁▅,"6 – 7,5",░ ▒ ▓,H,P,"1,2","0,8",*,*,?,S,*,*,BR,Fr,X,É,B,V,*,R,N,SP,*,La racine servait autrefois à la fabrication de la guimauve.,,,
Amelanchier,alnifolia,Amélanchier feuille d'aulne,Saskatoon Serviceberry,2,○◐,▅,"5,5 – 7,5",░ ▒ ▓,Ar,D,4,3,*,*,N,G,*,X,BR,Fr,X,P,B,V,A,M,N,?,*,,,,
Amelanchier,canadensis,Amélanchier du canada,Serviceberry,3,○◐,▅,"5,5 – 7,5",░ ▒ ▓,A,D,6,4,*,*,N,G,*,X,BR,Fr,X,P,B,V,A,M,N,?,*,Resistance au sel.,,,
Amelanchier,laevis,Amélanchier glabre,Allegheny Serviceberry,2,○◐,▅,"5 – 6,5",░ ▒,A,"S, F, D",8,5,*,*,N,G,*,X,BR,Fr,X,P,B,V,A,M,N,?,*,,,,
Amorpha,fruticosa,Faux indigo,False Indigo,3b,○◐,▁▅,"5,5 – 7,5",░ ▒ ▓,Ar,"S, F, D",3,2,X,*,*,G,*,X,BR,*,*,É,"B, J, O, P",V,"A, H",M,N,?,P,,,,
Amorpha,nana,Faux indigotier nain,Fragrant false indigo,3,○◐,▁▅,6 – 8,░ ▒ ▓,Ar,"S, F, D","0,9","0,9",X,*,*,G,*,*,BR,*,*,É,P,V,"A, H",M,N,?,P,Protéger la tige de l'arbuste durant l'hiver afin d'empêcher les lièvres de se régaler. ,,,
Amphicarpaea,bracteata,Arachide sauvage,Hog peanut,5,○◐●,▅█,"5,5 – 6,5",░ ▒ ▓,GH,F,1,"0,6",X,*,*,G,X,*,*,R,*,"É, A",M,V,*,,*,SPA,*,,,,
Anchusa,azurea,Buglosse,Bugloss,3,○◐,▅█,5 – 8,░ ▒ ▓,H,,"1,2","0,5",*,*,*,G,X,*,*,"Fl, Fe",X,É,Bl,V,*,R,*,"S, B",Épi,"Fleurs coupées, Ignoré des cerfs, Ignoré des limaces, Tolère la sécheresse. Vivace de courte vie.",,,
Apios,americana,Patates en chapelet,Groundnut,3,○◐,▅█,"4,5 – 7",░ ▒ ▓,GH,T,"1,2","0,1",X,*,*,G,*,*,*,R,*,"É, A",P,V,*,"M, R",*,SPD,G,"Récolter après deux ans, ne pas laisser s'étendre sans contrôle.",,,
Aquilegia,canadensis,Ancolie du Canada,Wild columbine,,○◐●,▅,?,░ ▒,H,P,"0,6","0,3",*,*,N,G,*,*,*,Fr,*,"P, É","Rg, J",V,*,L,*,SP,*,"Potentiellement toxique, voir PFAF",,,
Aralia,racemosa,Grande salsepareille,Spikenard,3,◐●,▅,?,░ ▒ ▓,H,D,"1,8","1,2",*,*,N,S,*,*,*,"Fr, R",X,É,B,V,*,M,*,DA,E,"Semis possible, stratification à froid nécessaire",,,
Arctostaphylos,uva-ursi,Raisin d'ours,Bearberry,2,○,▁▅,?,░ ▒,Ar,S,"0,1",1,*,*,N,G,X,*,*,Fr,X,"É, A","B, Rs",V,*,R,*,DP,*,"Semis possible, mais délicat, stratification nécessaire",,,
Armoracia,rusticana,Raifort,Horseradish,2,○◐,▅,5 – 8, ░ ▒,H,"P, D","0,7","0,8",*,*,*,*,*,*,*,"Fe, R, G",X,"P, É",B,V,*,R,*,D,"E, P",Utilisée comme condiment,,,
Aronia,arbutifolia,Aronie rouge,Red chokeberry,4,○◐,▁▅█,"5 – 6,5",░ ▒ ▓,Ar,"L, D",3,2,*,*,NA,G,*,X,*,Fr,X,P,B,V,H,M,*,"S, DP",*,"Supporte les sols pauvres, Utilisé dans haie brise vent, Riche en vitamine C et antioxydants.",,,
Aronia,melanocarpa,Aronie noire,Black chokeberry,3,○◐,▁▅█,"5 – 6,5",░ ▒ ▓,Ar,"L, D","1,5","1,5",*,*,NA,G,*,X,*,Fr,X,P,B,V,H,M,*,"S, DP",*,"Supporte les sols pauvres, Utilisé dans haie brise vent, Riche en vitamine C et antioxydants.", X Pruinifolia : pourpre Arbustifolia : rouge,,
Aronia,prunifolia,Aronie pourpre,Purple chokeberry,3,○◐,▁▅█,"5 – 6,5",░ ▒ ▓,Ar,"L, D",2,2,*,*,NA,G,*,X,*,Fr,X,P,B,V,H,M,*,"S, DP",*,"Supporte les sols pauvres, Utilisé dans haie brise vent, Riche en vitamine C et antioxydants.",,,
Artemisia,frigida,Armoise douce,Prairie sagewort,1,○◐,▁▅,"5 – 7,5", ░ ▒,H,F,"0,5","0,5",*,*,*,S,X,*,*,*,X,É,J,V,*,"L, M",*,"S, DPA",*,Le feuillage est argenté,,,
Artemisia,ludoviciana,Armoise de Louisiane,White sagebrush,3,○◐,▁▅,7 – 8, ░ ▒,Ar,D,1,1,*,*,*,*,X,*,*,Fe,X,"É, A",B,V,*,M,*,"S, DPA",*,Le feuillage est argenté,,,
Artemisia  ,dracunculus,Estragon,Tarragon,3,○,▅,"6 – 8,5", ░ ▒,H,R,"0,6","0,3",*,*,*,S,*,*,*,Fe,X,É,B,V,*,L,*,"S, DPA",*,,Var. Sativa,,
Asarum,canadense,Gingemble sauvage,Wild ginger,3,◐●,▅,"5 – 7,5",░ ▒ ▓,H,R,"0,15","0,25",*,*,*,*,X,*,*,R,X,P,P,V,*,L,*,"S, DPA","A, P",Les feuilles sont toxiques su consommées et parfois  allergènes au toucher. Racine utilisée comme condiment.,,,
Asclepia ,syriaca,Asclépiade,,3,○◐,▁▅,7, ░ ▒,H,P,1,1,*,*,N,G,*,*,*,"Fl, Fr",X,É,Rs,V,*,M,*,S,P,Plante toxique avant la cuisson.,,,
Asclepias,incarnata,Asclépiade incarnate rouge,Swamp Milkweed        ,3,◐●,▅█,7, ░ ▒,H,P,"1,2",1,*,*,N,G,*,*,*,"Fl, Fr",X,É,P,V,*,M,*,S,P,"Plante toxique avant la cuisson. Floraison ornemental, fleur, feuille, graine comestible.",,,
Asparagus,officinalis,Asperge,Aspargus,4,○◐,▁▅,7– 8,░ ▒ ▓,H,R,"1,5","0,8",*,*,*,G,*,*,*,T,X,É,B,V,*,M,*,"S, DP",P,Les jeunes pousses sont comestibles mais le fruits sont toxiques.,millenium,,
Astragalus,canadensis,Astragale,Canadian milk vetch,2,○◐,▅█,6 – 7, ░ ▒,H,R,"0,75 – 1","0,35",X,*,N,G,*,*,*,R,*,É,B,V,*,M,*,S,P,"Courte durée de vie, de 3 à 4 ans",,,
Astragalus,glycyphyllos,Réglisse sauvage,Milk-vetch,2,○,▅,"6 – 8,5", ░ ▒,H,?,"0,2","0,5",X,*,*,G,X,*,*,*,X,É,B,V,*,R,*,S,P,,,,
Baptisia,australis,Baptisia ou Lupin indigo,Wild indigo/baptisia,3,○◐,▁▅,"3,5 – 7", ░ ▒,H,P,1,"0,6",X,*,*,G,*,*,*,*,*,É,P,V,*,"L, M",*,"S, DP",P,,,,
Bellis,perennis,Pâquerette vivace,Bellis daisies,3,○◐,,,,,,,,,,,,,*,*,Fl,,É,"Rs, B, Rg",V,*,,,"S, D",*,"Durée de vie courte, Résiste aux insectes, Résiste aux maladies.",,,"https://fr.wikipedia.org/wiki/P%C3%A2querette , https://www.plantes.ca/fleurs/famille/bellis-perennis.html"
Betula,alleghaniensis,Bouleau jaune,Yellow birch,3,○◐,▅█,"5,0 – 8,0", ░ ▒,A,,,,,,,V,*,*,*,,,,,,,,,,,,,,
Betula,papyrifera,Bouleau à papier,Paper Birch,2a,○,▅█,"5,0 – 7,5",░,A,"L,C",18,10,*,,,V,*,*,*,,,,,,,,,,,,,,
Buddleia,sp.,Buddleia de David,Butterfly bush,5b,○,▅,"6,5 – 7,5", ▒ ,Ar,P,2,"2,5",*,*,,S,,*,,,,"É, A","B, Rs, P",,,,P,B,,"Rabattre à 10-15 cm du sol tôt au printemps, rusticité limite, protection hivernale parfois nécessaire, Bouturage très facile, tolère la sécheresse lorsque bien enraciné.","Il existe beaucoup de cultivars recommandables dépendamment de ce qui est recherché (couleur, port, rusticité, etc.)",,
Bunias,orientalis,Bunias d'Orient,Turkish rocket,4,○◐,▅█,5 – 8,░ ▒ ▓,H,P,1,"0,5",*,*,N,G,X,*,*,Fe,*,,,,*,,,S,E,,,,
Calamintha,nepeta,Nepitella,Calamint,4,○◐,▅,,,H,,"0,4","0,4",,,,,,,,,,É,,,,,,,,,,,
Campanula,latifolia ,Campanule à larges feuilles,Giant bellflower,5,◐●,▅█,7,░ ▒ ▓,H,P,1,"0,5",*,*,N,G,X,*,*,"Fl, Fe, R",*,,,,,,,"S, D",E,,,,
Campanula,persicifolia,Campanule à feuilles de pêcher,Peachleaf bellflower,3,○◐,▅█,7, ░ ▒,H,P,1,"0,5",*,*,N,G,X,*,*,"Fe, Fl",*,,,,*,,,"S, D",E,"Fleur, feuille et racine comestible, bon gout cru ou cuit.",,,
Campanula,rapunculoides,Campanule fausse-raiponce,Creeping Bellflower,3,○◐,▅█,7, ░ ▒,H,P,"1,2",1,*,*,N,G,X,*,*,"Fe, R",*,,,,,,,"S, D",E,,,,
Caragana,arborescens,Caraganier de sibérie,Siberian pea shrub,2,○,▁▅,5 – 8,░ ▒ ▓,Ar,,2,2,X,*,N,G,*,X,*,"Fl, G",,,,,,,,S,,,,,
Carya,illinoinensis,Pacanier du Nord,Pecan,5,◐●,▅,"5,5 – 7,5",▒ ,A,P,22 – 30,12 – 21,*,*,,,*,*,*,N,,,,,,,,S,,,http://www.noixduquebec.org/yahoo_site_admin/assets/docs/67188_Noix_fiches_fra_v3-2013.119172807.pdf,,
Carya,ovata,Caryer à noix ovale,Shagbark Hickory,4b,◐●,▅,"5,5 – 7,5",▒ ,A,P,21 – 27,15 – 21,*,*,N,,*,*,*,N,*,P,J,V,A,L,*,S,A,"Écorce grisâtre se détachant en longues lanières, pollen allergène.",,,
Castanea,dentata,Châtaignier Américain,American chestnut,4b,○◐●,▅,"5,6 – 6,5", ░ ▒,A,P,40,15,*,*,,G,,*,,N,,É,V,V,,,,,,"presque disparu, malade, port pyramidal, feuille étroite de 25cm de long",,,
Castanea,dentata x mollissima,Châtaignier hybride,Hybride chestnut,5,,▅,"5,6 – 6,5", ░ ▒,A,P,10,6,*,*,,,,*,,,,,,,,,,,,,,,
Ceanothus,americanus,Thé du New Jersey,New jersey tea,4a,○◐,▁,,░ ▒ ▓,Ar,,1,"1,5",*,*,,,,*,,,,É,B,V,,,,,,"indigène, convient aux endroits chauds et sec, resssemble a un lilas",,,
Celtis,occidentalis,Micocoulier de Virginie,Common Hackberry,3,○◐,▁▅█,"5,5 – 7,5",░ ▒ ▓,A,"L,P,S",15,8,*,*,NA,,,*,,Fr,,P,V,V,"A, H","M, R",,S,,"pollen allergène, Tolérant à la sécheresse,",,,
Centaurea ,montana,Centaurée des montagnes,,4a,○◐,,"6 – 8,5", ▒ ,H,,"0,5","0,45",*,*,,G,,*,,,,"P,É",P,,,,,,E,sol calcaire,,,
Chaenomeles,japonica,Cognassier japonais,,5a,○,,, ▒ ▓,Ar,P,"1,5",1,*,*,,G,,*,,Fr,,P,O,V,,,AF,,,"Arbustes qui donne des coings, plus rustique que l'espece, port étalé dense, protection hivernale",,,
Chaenomeles,speciosa,Cognassier à fleurs,Flowering quince,5b,○,,, ▒ ▓,Ar,P,1,1,*,*,,G,,*,,Fr,,P,O,V,,,AF,,,"Port étalé dense, protection hivernale",,,
Chamaemelum,nobile,Camomille romaine,Chamomile,4,○◐,▁▅█,"6,8 – 8",░ ▒ ▓,H,?,"0,2","0,3",*,*,*,G,X,*,*,?,X,É,"B, J",V,*,R,*,"D, SP",A,,,,
Chenopodium,bonus-henricus,Épinard sauvage,Good king henry,4,○◐,▅,"5,5 – 7,5",░ ▒ ▓,H,"P, F","0,3","0,9",*,*,,,,*,,,,,,,,,,,,,,,
Cichorium,intybus,Chicorée sauvage,Chicory,,,,,,H,,,,*,X,,,,*,,,X,,,,,,,,,,,,
Clethra,alnifolia,Clèthre à feuilles d'aulne,Sweet pepperbush,4,○◐,,"5 – 6,5", ▒ ,Ar,,"1,3",2,,*,,,,*,,,,"É,A","B,Rs",F,,,P,,,"À protéger des vents, odorant, sous-bois","'hookie pink''feuillage tournant orange, port compact",,
Comptonia,peregrina,Comptonie voyageuse,Sweetfern,2,○◐,▅█,"3 – 6,5",░,Ar,,"0,6 – 1",1,X,*,,,X,*,,,,,,,,,,D,E,"indigène, pour naturalisation, feuilles type fougere, aromatique, inflorescence en chaton",,,
Coptis,trifolia,Savoyane,Savoyane,2,◐●,▅█,,░ ▒ ,H,,"0,2","0,25",*,*,,,,*,,,,,,,,,,,,,,,https://fr.wikipedia.org/wiki/Coptis_trifolia
Coreopsis,verticillata,Coréopsis verticillé ,Threadleaf coreopsis,3,○,▁,6 – 8, ░ ▒ ,H,,"0,5","0,4",*,*,,,X,*,,Fl,X,"P,É",J,P,,,,,,"Variété supportant le mieuc un sol sec, feuillage très fin, vivace de courte durée","'limerock ruby'' fleurs rouge,plante plus grande",,http://en.wikipedia.org/wiki/Coreopsis_verticillata 
Cornus,canadensis,Cornouiller du Canada - Quatre temps,bunchberry,2,○◐●,▅█,"5 – 6,5",▒,H,D,"0,2","0,3",*,*,N,,X,X,BR,,,P ,B ,V,,,,,"D, A","indigène, feuille en rosette surélevées donnant du relief aux rives",,,http://www.pfaf.org/user/Plant.aspx?LatinName=Cornus+canadensis 
Cornus,mas,Cornouiller mâle / sauvage,Cornelian cherry dogwood,4,○◐,▅█,"4 – 8,5",░ ▒ ▓,Ar,,5,5,*,*,N,S,*,X,"BR, P
",Fr,X,P,J,V,*,M,E,"BE, M
",*,Souvent zoné 5 ou 6 mais certains cultivars tolèrent mieux le froid. C'est pourquoi nous l'avons zoné 4.,Aurea’ - Zone 4 et ‘Golden glory’ - Zone 5,http://www.greenbarnnursery.ca/products/cornelian-cherry-cornus-mas,http://plants.usda.gov/java/charProfile?symbol=COMA21 http://www.cramer.ca/en/plantes/cornus-mas-2/ http://tcpermaculture.blogspot.ca/2012/04/permaculture-plants-cornelian-cherry.html
Cornus,racemosa / paniculata,Cornouiller à grappes,Grey dogwood,2b,○◐,▅█,, ░ ▒ ,Ar,,3,2,*,,N,G,,X,BR,Fr,,É,B,P,,,,,E,"feuillage gris-vert virant pourpre,fruit blanc, attire oiseaux",,, http://www.cramer.ca/plantes/cornus-racemosa-std/
Cornus,sericea / stoloniferea,Cornouiller Stolonifère,Red-osier dogwood,2,○◐●,▅█, , ░ ▒ ,Ar,,2,3,*,*,N,G,,X,"BR,P
",Fr,,P,B,V,,R,,,E,"Toutes les parties de la plantes sont toxique si consommés en grande quantité. Tige rouge, feuillage tourne bronze.",,,http://www.cramer.ca/plantes/cornus-sericea-stolonifera/ http://www.pfaf.org/user/Plant.aspx?LatinName=Cornus+sericea
Corylus, x hybrid,Noisetier hybride,Filazel / Hazelbert,3,○◐,▅,,░ ▒ ▓,Ar,"L, D",5,5,*,*,*,V,*,X,?,G,*,P,V,V,*,M,?,*,*,"Un hybrid, C. avellana x C. colurna ",Northern',,
Corylus,americana,Noisetier d'Amérique,Hazelnut,4a,○◐,▅,"6 – 7,5",░ ▒,Ar,"L, D",3,2,*,X,A,V,*,X,BR,G,X,P,*,V,*,M,?,SA,*,,,,
Corylus,colurna,Noisetier de Bysance,Turkish Filbert,4,○◐,▁▅█,"5,3 – 7,3",░ ▒ ▓,Ar,"L, D",25,7,*,X,*,V,*,X,BR,G,*,P,J,V,*,L,?,"SA, DA",*,Très résistant aux conditions urbaines (pollution),,,
Corylus,cornuta,Noisetier à long bec,Hazelnut,4a,○◐,▁▅█,"4,8 – 7,5",░ ▒ ▓,Ar,"L, D","1,2 – 3","1,2 – 3",*,X,N,V,*,X,BR,G,*,P,"J, V",V,*,L,?,"SA, D",*,,,,
Corylus ,colurna,Noisetier de Bysance,,4b,○◐,,,░ ▒ ▓,Ar,"L, D",12,4,*,,,V,,X,,N,,P,J,V,,,,,,"Plus grand des noisetier, ornemental production forte mais noix petite et coquille dure, port pyramidal, résistant pollution, parfait pour petits espaces",,,
Crambe,maritima,Chou maritime (crambé),Sea kale,5b,○◐,▁▅█,,░ ▒,H,P,"0,6","0,6",*,*,*,G,*,*,P,"Fe ,T, Fr, R",*,P,B,V,*,R,*,"SP, DA, DP",*,"Fleurs très mellifères. Jeunes plants attirent les limaces,",,,
Crataegus,sp.,Aubépine,Hawthorne,3a,○◐,▁▅█,"4 – 8,5",░ ▒ ▓,A,P,9,9,*,*,NA,S,*,X,BR,Fr,X,P,Rs,V,*,*,*,SA,Epi,Données basé sur Crataegus canadensis; utilisé pour son bois,crus gallis,,
Cryptotaenia,canadensis,Cryptotenie du Canada,Honewort,5,○◐,▁▅█,5 – 8,,H,,1,"0,6",*,X,,,,*,,"Fe, R, T",*,,,,,,,,,,,,http://www.horticulture-indigo.com/boutique/cryptotenie-du-canada-cryptotaenia-canadensis/ https://pfaf.org/user/Plant.aspx?LatinName=Cryptotaenia
Cryptotaenia,japonica,Mitsuba,Japanese honewort,5,○◐●,▁▅█,5 – 8,,H,,1,"0,6",*,X,,,,*,,"Fe, R, T",X,,,,,,,,,,,,https://www.pfaf.org/user/Plant.aspx?LatinName=Cryptotaenia+japonica
Cydonia,oblonga,Cognassier,Quince tree,5b,○◐●,▁▅█,5 – 6,░ ▒ ▓,Ar,?,"7,5",7,*,*,*,G,X,X,*,"Fr, Fl",X,P,Rg,V,*,L,A,"SA, SP",P,Les graines sont poisons,,,
Dianthus,barbatus,Œillet de poète,,4,○◐,▁▅,"4,5 – 6,5",░ ▒,H,?,"0,6","0,25",*,*,*,G,X,*,*,Fl,*,É,"Rs, B, Rg, P",V,*,R,*,"DA, SE, SA",*,,,,
Diplotaxis,tenuifolia ,Roquette sauvage,Wild rocket,,,,,,H,,,,*,,,,,*,,,X,,,,,,,,,,,,
Dryas,octopetala,Dryade à huit pétales,,2,○◐,▅█,5 – 8,░ ▒ ▓,Ar,P,"0,1",1,X,*,*,G,X,*,*,Fe,X,É,"B, J",V,*,M,*,SP,*,,,,
Echinacea,pallida,Échinacée pâle,,4,○,▁▅,"4,5 – 8",░ ▒ ▓,H,P,"0,9","0,5",*,*,N,G,*,*,*,*,X,É,"B, P, Rs",V,*,M,*,SP,*,"Besoin de stratification pour le semis, protéger la racine l'hiver, peut probablement survivre en zone 3.",,,
Echinacea ,purpurea,Échinacée pourpre,Echinacea,4,○,▅█,"6,5 – 7,2",░ ▒ ▓,H,"F, R","0,9","0,5",*,*,N,G,*,*,*,*,X,É,"Rg, P",V,*,M,*,"SP, DA",*,Peut probablement survivre en zone 3.,"White Swan, Magnus",,
Elaeagnus,angustifolia,Olivier de bohème,Russian Olive,,,,,,A,,"3,5 – 6","3,5 – 6",X,*,,,,X,,,,,,,,R,,,,,,,
Elaeagnus,commutata,Chalef argenté,,2,○,▁▅,"5 – 7,9",░ ▒,Ar,R,3,2,X,*,NA,G,*,X,P,G,*,É,J,VP,*,R,T,"S, D","E, D",,,,
Elaeagnus,multiflora,Goumi du Japon,Gumi,,,,,,Ar,,"1,8 – 3","1,8 – 3",X,*,,,,X,,,,,,,,R,,,,,,,
Elaeagnus,umbellata x ang.,Chalef d'automne,,3,○◐●,▁▅,5 – 8,░ ▒ ▓,Ar,L,2,2,X,*,N,G,*,X,*,*,*,P,?,?,*,?,?,?,*,,,,
Empetrum,nigrum x eamesii 'Saguenay',Camarine noire 'Saguenay',Crowberry,2,○◐,▅,"4,8 – 7,5",░ ▒ ▓,H,,"0,15","0,5",*,*,N,G,X,*,*,"Fr,",,,,V,,,,,,"Couvre sol, tolérant au froid et sécheresse, fruit persistant, bon pour la cuisson.",,,
Epilobium ,angustifolium,Épilobe à Feuille étroite,Willow Herb,3,○◐,▅,6 – 8,░ ▒ ▓,H,P,2,1,*,*,N,G,*,*,,"Fl, Fe, R, T, JP",X,É,Rs,V,*,R,*,"DA, SP","E, D",Plante indigène,,,
Erythronium,americanum,Érythrone d'amérique,Trout lily,,○◐,▅█,6 – 8,░ ▒ ▓,H,B,"0,25","0,2",*,*,N,G,X,*,*,"Fe, B",X,P,J,"V, T",*,L,*,"B, S",,,,,http://www.fleursduquebec.com/encyclopedie/1779-erythrone-damerique.html
Fagus,grandifolia,Hêtre d'Amérique,Beech,,,,,,A,,,,*,*,,,,*,,,,,,,,,,,,,,,
Filipendula,ulmaria,Reine-des-prés,Meadowsweet,,,,,░ ▒ ▓,H,,"0,9 – 1,8","0,3 – 0,9",*,*,,,,*,,,X,,,,,,,,,,,,
Foeniculum,vulgare 'Rubrum',Fenouil 'Bronze',Fennel,4,○,▁▅,"6 – 7,5",░ ▒ ▓,H,?,"1,5","0,6",*,*,*,S,*,*,*,"Fe, R, Gr, Ti",X,"É, A","V, F",*,A,M,*,SP,D,"Ornemental et se mange comme du fenouil, D'abord rouge cuivré, les feuilles virent au bronze en poussant",Bronse,,
Fragaria,× ananassa,Fraisier cultivé,"Strawberry, cultivated",3,○◐,▅,"6,5",▒ ▓,H,D,"0,3","0,4",*,*,*,G,X,*,*,Fr,X,"É, A","B,Rs",V,*,M,*,"S, St
",*,"Grande variété de cultivar qui offre des fruits à différent moments de la saison jusqu'a tard l'automne. Certain cultivar sont à production continue.
",Temptation',,
Fragaria,vesca,Fraises sauvages,"Strawberry, alpine (woodland)",3,○◐●,▅,"6,5",░ ▒ ▓,H,D,"0,2","0,2",*,*,*,G,X,*,*,Fr,X,"É, A",B,V,*,M,*,"S, St
",*,,,,
Fragaria,vesca 'Semperflorens',Fraisier Quatre-temps/Alpin,Alpine Strawberry,3,○◐●,▅,"6,5",░ ▒ ▓,H,D,"0,3","0,3",*,*,*,G,X,*,*,Fr,X,"É, A",B,V,*,M,*,"S
",*,Ne fait habituellement pas de stolon.,,,
Fraxinus,americana,Frêne Blanc,White ash,,,,,,A,,?,?,*,*,?,?,*,*,?,N,,,,,,,,,,,,,
Galium,odoratum,Aspérule odorante,Sweet Woodruff,3,◐●,▁▅,"4,3 – 8,3",░ ▒ ▓,H,"L, S","0,2","0,5",*,?,,,X,,,,X,,,,,,,,,,,,
Gaultheria,procumbens,Thé des bois,Wintergreen,3,◐●,▁▅,"4,5 – 6,5",▒ ▓,Ar,"L, S","0,05","0,15",*,X,N,G,X,*,*,"Fr, Fe",X,É,B,VF,*,L,*,"DP, B",*,,,,
Gaylussacia,baccata,Gaylussacia à fruits bacciformes,"Huckleberry, black",4,○◐,▁▅,"4,2 – 5,2",▒ ▓,Ar,,1,1,*,*,NA,G,*,X,*,Fr,*,P,Rs,V,A,L,*,SP,*,Similaire au bleuet.,,,
Genista,lydia,Genêt rampant jaune,Lydia Broom,3,○,▁▅,6 – 7,▒ ▓,"Ar
",,"0,4","0,6",X,*,N,G,X,*,*,*,*,P,J,V,*,M,*,"M, S",*,,,,
Genista,tinctoria,Genêt des teinturiers,Dyer's Greenweed,3,○,▁▅,6 – 7,░ ▒ ,"Ar
",,"0,9",1,X,*,N,G,*,*,*,Fl,X,P,J,V,*,M,*,"M, S",*,,,,
Ginko,biloba,Arbre au quarante écus,Maidenhair Tree,4,○,▁▅,"5,2 – 7,5",░ ▒,A,?,20,12,*,*,A,*,*,*,*,G,X,P,V,VP,*,L,*,"D, S, G",*,Résistant à la pollution,,,
Glechoma,hederacea,Lierre terrestre,Ground Ivy,,○◐●,▁▅█,"5,2 – 7,5",░ ▒ ▓,H,F,"0,3",2,*,X,NA,G,X,*,,"Fl, Fr, Fe",X,PÉA,P,V,*,R,T,"B, M, D, S","E, D","Toxicité établie pour les chevaux, chiens, chats et reptiles.",,,
Gleditsia,triacanthos var inermis,Févier d'Amérique (sans épine),Honey-locust,4,○,▁▅█,"4,8 – 8",░ ▒ ▓,A,?,12,10,*,X,NA,G,*,*,*,G,X,P,J,V,*,R,A,"SP, D",Épi,"making it a good tree to use for the top canopy of a woodland garden, pas de nodules.",,,
Gymnocladus,dioicus,Chicot du Canada,Kentuky Coffeetree,3,○,▁▅,6 – 8,░ ▒ ▓,A,?,17,13,*,*,A,G,*,*,*,?,*,É,B,V,?,L,,"SP, D",P,"making it a good tree to use for the top canopy of a woodland garden, pas de nodules.",Espresso,,
Hamamelis,virginiana,Hamamélis de Virginie,Common Witchhazel,4b,○◐,▅█,5 – 8,░ ▒ ,Ar,P,5,5,*,*,A,G,*,X,*,"Fe, T",X,A,J,V,*,M,A,"SA, BÉ, M",*,"Tailler au besoin, tard à l'automne après la floraison.",,,
Helianthus,tuberosus,Topinanbour,Sunchokes,4,○,▁▅,5 – 8,░ ▒ ▓,H,R,"1,8 – 3","0,9 – 1,5",*,,N,G,*,X,*,R,X,É,J,V,*,R,*,T,Pe,"Produit de nombreux tubercules, persistent, car on peut difficilement tous les récolter. ",,,
Hemerocallis,fulva,Hémérocalle fauve,Tiger daylily,,,▅,5 – 8,░ ▒ ▓,H,,,,*,X,N,G,X,*,*,"Fl, JP, R",*,,,,,R,,D,E,,,,
Hemerocallis,lilioasphodelus,Hémérocalle jaune,Yellow Daylily,3,○◐,▅,5 – 8,░ ▒ ▓,H,T,1,1,*,X,N,G,X,*,*,"Fl, JP",*,,,,,R,,D,"E, P",,,,
Herniaria,glabra,Herniaria glabre,Rupture work,4,○◐,▁▅,,░ ▒ ,H,S,"0,03","0,3",*,*,*,G,X,*,*,*,X,É,V,V,*,L,A,S,*,"Couvre-sol - bonne résistance au piétinement. Plante entierrement astringente et puissamment diurétique et expectorante. Effet antispasmodique sur la vessie, utilisée pour traiter l'hydropisie, la catarrhe de la vessie, les cystite et les calculs rénaux. Utiliser pour le traitement des hernies et en cataplasmes pour accélérer la guérison des ulcères.",,,
Hesperis  ,matronalis,Julienne des dames,Dame's rochet ou Sweet rocket,3,○◐,▅█,"6,5",░ ▒ ▓,H,?,"0,8","0,6",*,*,N,S,*,*,*,"Fe, G",X,É,R,V,*,R,A,S,*,"Les fleurs sont très aromatique avec un avec un parfum similaire au clou de girofle, ce qui est particulièrement évident en soirée. La plante est parfois cultivé pour l'huile essentielle contenue dans ses graines.",,,
Hippophae,rhamnoides,Argousier,Sea buckthorn / Seaberry,2,○◐●,▁▅,6 – 7,░ ▒ ▓,Ar,D,"2,5","2,5",X,X,N,G,*,X,*,"Fr, Fe",X,P,J,VP,*,M,?,?,D,bons brise-vent,,,
Hosta,fortunei,"Hosta ""fortunei""",Plantain lily,3,○◐●,▅█,7 – 7,▒ ▓,H,F,"0,6","0,9",*,X,NA,G,X,*,*,"Fl, JP",*,É,Bl,"V, Pa",*,M,*,DP,*,Fleur délicieuse en salade!,,,http://www.jardindupicvert.com/4daction/w/hosta_fortunei_albopicta.affpliol?session=t75vo7tx6p45b&nopl=132&p_cour_c=1&indexpl_c=1&prov_l=c
Hosta,montana,Hosta Montana,Montana Hosta,3,○◐●,▅█,8 – 7,░ ▒ ▓,H,F,"0,6",1,*,X,NA,G,X,*,*,"Fl, JP",*,É,Bl,"V, Pa",*,M,*,DP,*,Fleur délicieuse en salade!,,,"http://www.pfaf.org/user/Plant.aspx?LatinName=Hosta+montana, http://www.jardindupicvert.com/4daction/w_partner/hosta_montana.11841"
Humulus,lupulus,Houblon,Hops,3,○◐,▁▅ ,?,░ ▒ ▓,GH,"D, S",8,"0,3",*,*,N,G,*,*,*,"Fe, R",X,É,V,V,*,M,A,?,A,"Aussi utiliser comme teinture de couleur brune, fabrication papier.",,,
Hypericum,perforatum,Millepertuis,St. John's Wort,3,○◐,▅,?,░ ▒ ▓,H,?,"0,9","0,6",*,*,N,G,*,*,*,"Fe, Fl, Fr",X,É,J,V,*,R,?,"S, D",A,utiliser comme teinture et comme tannin.,,,
Hyssopus,officinalis,Hysope,Hyssop,4,○◐,▁▅,6 – 8,░ ▒ ▓,H,R,"0,8","0,4",*,*,N,G,*,*,*,"Fe, Fl",X,É,"Bl, P",V,*,M,P,"S, B, D",*,,,,
Juglan,cinerea,Noyer cendré,Butternut,3a,○,▁▅,,░ ▒,A,P,12,18,*,*,,,,*,*,,,,,,,,,,,Le juglon que produit cette espèce nuit au développement de plusieurs autres espèces,,,
Juglan,nigra,Noyer noir,Black walnut,4b,○,▁▅,,░ ▒,A,P,30,,*,*,,,,*,*,,,,,,,,,,,Le juglon que produit cette espèce nuit au développement de plusieurs autres espèces,,,http://www.noixduquebec.org/yahoo_site_admin/assets/docs/67188_Noix_fiches_fra_v3-2013.119172807.pdf
Juglans,ailantifolia,Noyer du Japon,Japanese walnut ,5a,○,▁▅,,░ ▒,A,P,,,*,*,,,,*,*,,,,,,,,,,,Le juglon que produit cette espèce nuit au développement de plusieurs autres espèces,,,
Juglans,cinerea x ailantifolia,Noyer cendré x ailantifolia,Buartnut,4,○,▁▅,6 – 8,░ ▒,A,P,15,15,*,*,,,,*,*,,,,,,,R,,,,Le juglon que produit cette espèce nuit au développement de plusieurs autres espèces,,,
Juniperus,spp.,,,,,,,,Ar,,,,*,*,,,,*,*,,,,,,,,,,,,,,
Lavandula,angustifolia,Lavande,Lavender,4,○,▁▅,,░ ▒,Ar,,,,*,*,,,,*,*,,X,,,,,,,,,,,,
Lemna,minor,Petite lentille d'eau,Common Duckweed,,○◐,█,,"O
",H,,,,*,X,,,,*,*,,,,,,,,,,,,,,
Leucanthemum,vulgare,Marguerite commune,Oxeye daisy,,,,,,H,,,,,,,,,*,*,,,,,,,,,,,,,,
Levisticum,officinale,Livèche,Lovage,4,○◐,,,░ ▒ ▓,H,,"1,8",1,*,X,,,,*,*,"Fe, Fl, T, R, G",X,,,,,,,,,,Aureus,,
Ligusticum,scoticum,Livèche d'Écosse  / persil de mer,,,,,,,H,,,,*,X,,,,*,*,,X,,,,,,,,,,,,
Linum,perenne,Lin vivace,,,,,,,H,,,,*,X,,,,*,*,,,,,,,,,,,,,,
Lonicera,caerulea,Camerise,Hascap,2a,○◐,▅,5 – 7,░ ▒ ▓,Ar,,"1,5","1,5",*,*,*,G,*,X,*,Fr,*,P,B,V,*,L,,,,,borealis tundra,,
Lupinus,perennis,Lupin sauvage,Wild lupine,,,,,,H,,,,X,X,,G,,*,*,*,*,,,,,,,,,,,,
Lycium,barbarum,Goji de Barbarie (baie de Goji),Gojiberry,5,○,,,,Ar,,1,1,*,*,,,,*,*,,,"P, É",,,,,,,,,,,
Lycium,chinense,Goji (Lyciet de Chine),,,,,,,Ar,,,,*,*,,,,*,,,,,,,,,,,,,,,
Lysimachia,nummularia,Herbe aux écus,Creeping Jenny,3,○◐●,▅█,5 – 7,░ ▒ ▓,H,F,"0,05","0,6",*,*,*,G,X,*,*,Fe,X,É,J,V-J,*,R,*,D,*,"Couvre sol, comestible mais peu d'intérêt gustatif",,,
Mahonia,aquifolium,Mahonia à feuilles de houx,,5,○◐●,▁▅,"5,5 –  7",░ ▒ ,Ar,,1,"0,6",*,*,N,G,*,X,*,Fr(!),,,,,,,,,P,"Fruits toxiques, ils doivent être cuit pour être comestible...",,,
Malus,spp.,Pommier,Apple tree,,○,,,,A,,,,*,*,,,,,*,,,,,,,,,,,,,,
Malus, pumila var Honey Crisp,Pommier Honey Crisp,Honey Crisp Apple tree ,2+,○,,,,A,,,,*,*,,,,,*,Fr,,,,,,,,,,,,,
Malus, pumila var Norkent,Pommier Norkent,Norkent Apple tree ,2,○,,,,A,,,,*,*,,,,,*,Fr,,,,,,,,,,Info pour remplir : www.pepinieriste.ca/nos-arbres/pommier,,,
Malus, pumila var Red Free,Pommier Red Free,Red Free Apple tree ,3b,○,,,,A,,,,*,*,,,,,*,Fr,,,,,,,,,,Info pour remplir : www.pepiniereancestrale.net/index.php/nos-arbres/pommier.html,,,
Malus,x Dolgo,Pommetier Dolgo,Dolgo crabapple,2a,○,,,,A,,,,*,*,,,,,*,Fr,,,,,,,,,,,,,
Malva,moschata,Mauve musquée,Musk mallow,2a,○◐,▅,5 – 8,░ ▒ ▓,H,P,"0,6","0,6",*,*,?,G,*,*,*,Fl,X,"É, A","Rs, B",V,,M,*,"SP, DAP",D,,malva moschata 'alba' ou malva moschata 'rosea',,
Malva,neglecta,Mauve négligée,Common mallow,3,○◐,▁▅█,5 – 8,░ ▒ ▓,H,P,"0,2","0,3",*,X,N,G,X,*,*,"Fe, Fr",X,É,B,V,*,R,*,S,D,"Plante annuelle, bisannuelle ou vivace à vie courte. http://liafaydjam.blogspot.com/2007/03/malva-neglecta-mauve-nglige.html",,,
Malva,sylvestris,Mauve sylvestre,Mallow,5,○◐,▅,"5,5 – 7,5",░ ▒ ▓,H,P,"1,2","0,5",*,*,N,G,*,*,*,Fl,X,"É, A","Rs, P",V,A,M,*,"SP, DA",?,"Fleur, feuille et graines comestible",malva sylvestris 'mauritiana',,
Matteuccia,struthiopteris,Fougère-à-l'autruche,Ostrich fern,2,◐●,▅█,"3,5 – 7",░ ▒ ▓,H,S,2,"0,8",*,*,*,*,*,*,Z,JP,*,A,*,V,H,R,*,"SP, DA",*,"tete de violon, bouillir avant de cuire, récolte au printemps cueillir moins de 50% par année",,,
Medeola,virginiana,Médéole de Virginie,Indian Cucumber,3,◐,▅█,7,░ ▒,H,R,"0,3","0,3",*,,,,,*,,R,X,,,,,,,,,,,,
Melilotus ,alba,Mélilot blanc,White sweet-clover,,,,,,,,,,,,,,,,,,,,,,,,,,,,,,
Melissa,officinalis,Melisse officinale (citronnelle),Lemon balm,4,○◐●,▅,"5 – 7,8",░ ▒,H,"F, S","0,45","0,5",*,X,?,G,X,*,*,F,X,É,B,V,*,R,*,"SP, DA, BP",D,,,,
Mentha,canadensis,Menthe sauvage,Wild mint,3,○◐,▅█,5 – 7,░ ▒ ▓,H,?,"0,5","0,45",*,?,?,?,X,*,BR,Fe,X,É,Rs,V,*,R,*,"SP,  DPA, BP",E,,,,
Mentha,piperita,Menthe poivrée  ,Peppermint,4,○◐,▅█,?,░ ▒ ▓,H,?,"0,6","0,4",*,?,?,?,X,*,BR,Fe,X,É,B,V,*,R,*,"SP, DPA, BP",E,,Citrata',,
Mentha,spicata,Menthe verte,Spearmint,3,○◐,▅,"5,6 –  7,5",?,H,R,"0,45","0,4",*,?,N,,,*,*,Fe,X,É,"B, Rs",V,,R,T,SP,E,,,,
Mertensia,maritima,Mertensie maritime,Oyester plant,1,○,▁,"7 –  7,5",░ ,H,S,"0,15","0,6",*,?,?,?,X,*,*,Fe,X,É,"Bl, Rs",P,,?,N,"SP, D",,"stratification semence, ne croit pas en sol calcaire",,,
Monarda,didyma,Monarde,Bee balm,4,○◐,▅,5 – 7,░ ▒ ▓,H,R,1,"0,5",*,?,N,G,,*,*,Fl,X,É,P,V,,R,AF,"S, D",E,,Le gout des cultivars à fleur rose est moin intéressant que ceux à fleur rouge comme 'Cambridge scarlet' ou 'Jacob cline',,
Monarda,fistulosa,Monarde sauvage,Wild bergamot,4,○,▁▅,6 – 8,░ ▒ ▓,H,R,1,"0,5",*,?,N,G,,*,*,Fl,X,É,Rs,V,,R,AF,"S, D",E,"Stratification semence. Sécher, les feuille et les utiliser en infusion (succédané du thé).",,,
Morus,alba,Murier blanc,,3b,○◐,▁▅,, ▒ ,A,"S, P",10,15,*,X,N,,,*,,Fr,,P,,VF,A,R,P,"S, B",*,"Tolère la pollution, Racines envahissantes, tolère sécheresse, adaptable",,,
Morus,alba 'pendula',Murier blanc pleureur,Weeping mulberry,5,○◐,▁▅,,,A,S,3,4,*,X,,,,*,,,,,,,,,,,,,,,
Morus,alba x Morus rubra,Murier rouge,Mulberry Illinois Everbearing,4,○◐,▁▅,,,A,,,,*,,,,,*,,,,,,,,,,,,,Illinois Everbearing',,
Myrica,gale,Myrique baumier,Sweet Gale,2,○◐,█,"5 – 5,5", ▒ ,Ar,S,"1,2",1,X,*,N,,,X,BR,,X,P,Br,VF,"A, H",M,,B,,"automne: drupes jaunâtre persistants en hiver, feuillage répulsif insectes",,,
Myrrhis,odorata,Cerfeuil musqué,Sweet cicely,4,○◐,▅,"5,5 – 7,5",░ ▒ ▓,H,"P, L",1,1,*,X,,S,,*,,,,,,,,,,,,,myrrhe od,,
Nepeta,cataria,Cataire,Catnip,3,○,▁▅,5 – 8,░ ▒,H,F,1,"0,6",*,X,N,G,,*,,,,,,,,,,"S, D",D,,,,
Origanum,vulgare,Origan commun,Oregano,3,○◐,▁▅█,7,░ ▒ ▓,H,F,"0,45","0,5",*,X,N,G,,*,*,F,X,,,,,,,"S, D",,,Hirtum : Origan grec  ,,
Panax,quinquefolius,Ginseng à 5 folioles  ,,,,,,,H,,,,*,,,,,*,*,,X,,,,,,,,,,,,
Papaver,orientale,Pavot d'Orient rouge,,4,○,▁▅,,░ ▒,H,C,1,"0,5",*,*,*,G,*,*,*,G,X,"P, É",Rg,V,A,M,AF,"S, B, DA",D,"Vivace de longue vie, ne pas tailler rosette de feuille poussant à l'automne",,,
Perovskia,atriplicifolia,Sauge de Russie,Russian sage,3,○,▁▅,6 – 8,░ ▒ ▓,Ar,"D, F","1,2",1,*,*,*,G,*,X,*,Fl,X,"É,A",P,VP,*,R,"P, A","D, P, A",*,Maintenant renommé Salvia yangii - https://en.wikipedia.org/wiki/Salvia_yangii,,,
Phellodendron,amurense,Arbre liège de Chine,Armur Cork tree,,,,,,A,,,,*,,,,,,*,,,,,,,,,,,,,,
Phlox,paniculata,Phlox paniculé ,Perrennial Phlox,3,○◐,▅,6 – 8,,H,,"0,6 – 1,2",,,,,,,,,Fl,,"É, A","Rs,Rg,M,Bl,B",V,*,"M, R","AF, A",D,*,,,,
Physalis,alkekengi ,Lanterne chinoise,Winter Cherry,3, ○, ▅,7 ?,▒,H,"L, T","0,3 – 0,6","0,8",*,*,N,S,*,*,*,"Fr, Fe",X,É ,B,V,A,R,A,S,"E, P","Peu en faire du vin. Envahissante, ne résiste pas à nos hivers. La tige avec les lanternes séchées fait de belle décoration.",,,
Pinus,cembra,Pin des Alpes,Swiss Stone Pine,4,,,,,A,,,,*,,,,,,,,,,,,,,,,,,,,
Pinus,edulis,Pin nain des montagne,,,,,,,A,,,,*,,,,,,,,,,,,,,,,,,,,
Pinus,koraiensis,Pin coréen,,,,,,,A,,,,*,,,,,,,,,,,,,,,,,,,,
Pinus,sibirica,Pin de Sibérie,Siberian pine,1,○,▁▅,?,░ ▒ ,A,"P,  L",30,?,*,?,A,*,*,*,*,N,X,*,*,V,"A, H",L,*,S,?,,,,
Plantago,maritima,Plantain maritime,Goose tongue,3,○,▁▅█,6 – 8,░ ▒ ▓,H,F,"0,2","0,2",*,X,N,*,*,*,*,"Fe, G",X,É,Br,V,*,M,*,"S, D",?,,,,
Platycodon ,grandiflorus,Platycodon,Platycodon,3,○◐,▅█,7,░ ▒ ▓,H,"P, F","0,5","0,4",*,X,N,G,*,*,,"Fl, Fe, R",X,,,,,,,,,,,,
Polemonium,caeruleum,Baton de Jacob,Jacob's Ladder,4,○◐,▅█,6 – 8,,H,,"0,6","0,45",,,,,,,,*,X,É,,,,,,,,,,,
Polygonatum,biflorum,Sceau de salomon,Smooth solomons seal,3,◐●,▅█,"5 – 7,5",░ ▒ ▓,H,R,"0,4","0,9",*,*,N,S,*,*,*,"JP, R, Fr",X,P,B,V,*,L,*,"D, S",?,,,,
Polygonatum,canaliculatum,Sceau-de-Salomon géant,Giant solomons seal,3,○◐,▅█,"5 – 7,5",░ ▒ ▓,H,R,"0,9","0,9",*,*,N,S,*,*,*,"JP, R, Fr",X,P,B,V,*,L,*,"D, S",?,,,,
Potentilla,anserina,Potentille ansérine,,,,,,,H,,,,*,,,,,,*,,,,,,,,,,,"feuille et racine comestible, thé",,,
Primula,sp.,Primevère,Primrose,3,○◐,▅█,"6 – 7,5",░ ▒ ▓,H,"R, F","0,15","0,4",*,*,N,G,X,*,*,*,X,P,"B, J, Rg, O",V,*,?,*,"S, D",?,,Primula laurentiana (espèce indigène),,
Prunella,vulgaris,Brunelle,,,,,,,H,,,,*,,,,,,*,,,,,,,,,,,"Feuille cru ou cuit, salades soupe boisson, bonne saveur, bien rincé eau froide pour enlever l'amertume",,,
Prunus,americana,Prunier rouge américain,American plum,3b,○,█,6,▒,A,"S, D",6,4,*,*,NA,G,*,X,BR,"Fr, G",X,P,B,V,*,R,"A, D",?,P,"
",?,,
Prunus,armeniaca var Scout,Abricotier scout,Apricot ,3,○,▁▅,"6,5 – 7,5",░ ▒ ,A,"P, L",4,3,*,*,N,G,*,*,*,Fr,X,P,"B, Rs",V,A,R,A,G,?,Très aimé des oiseaux. Demande d'être à l'abri des vents du nord en région froide.,,,
Prunus,avium var Montmorency,Cerisier Montmorency,Montmorency Cherry,3,○,█,6,▒,A,"S, D",18,7,*,*,NA,G,*,X,BR,"Fr, G",X,P,B,V,*,R,"A, D",?,P,"
",?,,
Prunus,besseyi,Cerisier des sables,Sand Cherry,3,○,█,6,▒,Ar,"S, D","1,2","1,2 ",*,*,NA,G,*,X,BR,"Fr, G",X,P,B,V,*,R,"A, D",?,P,"
",?,,
Prunus,besseyi/prunus salicina,Chums (cerise prune),,,,,,,Ar,,,,*,,,,,,,,,,,,,,,,,"Combinaison entre cerisier des sables et prunier japonais, petit fruit très bon",,,
Prunus,cerasus,Cerisier aigre,Sour cherry /Pie cherry,3,○◐,▅,"6 – 7,5",░ ▒ ▓,A,"L, S",6,3,*,*,N,G,*,X,*,Fr,X,P,B,V,*,M,A,"S, G, B",?,Très aimé des oiseaux,"Série Romance (petites tailles) ; Romeo, Juliet, Cupid, Valentine, Crimson Passion",,
Prunus,domestica,Prunier,Plum,3,○◐,▅█,"5,5 – 6,5",░ ▒ ▓,A,"P, L",12,8,*,*,N,G,*,*,*,Fr,X,P,B,V,*,M,A,"S, G, B",?,Très aimé des oiseaux,"Mirabelle, Mont-Royal, Damas, Blue valor, Early italian, Damas, Yellow egg",,
Prunus,kerrasis var Juliet,Cerisier nain Juliette,Juliet Cherry,2b,○,█,6,▒,Ar,"S, D",2,2,*,*,NA,G,*,X,*,"Fr, G",X,P,?,V,*,R,"A, D",?,P,,?,,
Prunus,maritima,Prune de la plage,Beach plum,3b,○,█,6,▒,Ar,"S, D",3,2,*,*,NA,G,*,X,BR,"Fr, G",X,P,B,V,*,R,"A, D",?,P,"
",?,,
Prunus,persica,Pêcher,Peach,5,○,█,6,▒,A,"S, D",6,6,*,*,NA,G,*,X,*,"Fr, G",X,P,Rs,V,*,R,"A, D",?,P,"
",?,,
Prunus,Romeo',Cerisier nain Roméo,Romeo Cherry,3,○,█,6,▒,Ar,"S, D",3,3,*,*,NA,G,*,X,*,"Fr, G",X,P,B,V,*,R,"A, D",?,P,,?,,
Prunus,tomentosa,Ragouminier,Nanking cherry,2b,○◐,▁▅,6 – 7,░ ▒ ▓,Ar,"P,  L",2,2,*,*,N,G,*,X,P,Fr,X,P,B,V,*,M,A,"S, G, B",?,Très aimé des oiseaux,,,
Prunus,virginiana,Cerisier à grappe,Choke Cherry,2a,○,█,6,▒,A,"S, D",6,6,*,*,NA,G,*,X,BR,"Fr, G",X,P,B,V,*,R,"A, D",?,P,"
",?,,
Prunus,x hybrids,Cerisier Hybride,Dwarf brush cherry,3,○,█,6,▒,Ar,"S, D",3,3,*,*,NA,G,*,X,BR,"Fr, G",X,P,B,V,*,R,"A, D",?,P,"
", Hall d'amande Hardy Rusticité 5,,
Pycnanthemum,spp.,Menthe américaine,Mountain mint,,,,,,H,,,,*,,,,,,,,,,,,,,,,,,,,
Pyrus,communis,Poirier commun,European Pear,,,,,,A,,,,*,,,,,,,,,,,,,,,,,, ,,
Pyrus,pyrifolia,Poirier asiatique,Asian pear,4,○◐,▁▅,"5,5 – 7,5",░ ▒ ▓,A,,10,,*,,,G,,,,,,,,,,,,,P,,,,
Quercus,alba,Chêne blanc,White Oak,,,,,,A,,,,*,,,,,,,,,,,,,,,,,,,,
Quercus,bicolor,Chêne bicolore,Swamp White Oak,,,,,,A,,,,*,,,,,,,,,,,,,,,,,,,,
Quercus,macrocarpa,Chêne à gros fruits,Bur Oak,2b,○,,,,A,P,20,20,*,,X,,,X,,,,,,,,,,,,Brise-vent et abris pour la faune,,,
Rheum,rhabarbum,Rhubarbe,Rhubarb,2b,,,,,H,,,,*,,,,,,,,,,,,,,,,P,,,,
Rhododendron,groenlandicum,Thé du Labrador,,,,,,,Ar,,,,*,,,,,,,,,,,,,,,,,,,,
Rhus,aromatica,Sumac aromatique,Fragrant sumac,3,○◐,▅,"6 – 8,5",░ ▒ ▓,Ar,"L, D","1,5",2,*,*,NA,G,X,X,P,Fr,X,É,"J, V, Rg",V,X,L,A,"DP, S",*,Plante Dioïque,,,
Rhus,typhina,Vinaigrier,Sumac,3a,○◐,▅,"5,5 – 7,5",░ ▒ ▓,Ar,"L, D",5,5,*,*,NA,G,*,X,"BR, P",Fr,X,P,"J, V, Rg",V,X,R,A,"DP, S",E,"Avant de tailler votre Vinaigrier, mettez des gants car l’arbre peut provoquer des dermites chez certaines personnes.",,,
Ribes,spp.,"Groseille, Gadelle, Cassis",Currant / Gooseberries,3,○◐,▅,"5,5 – 7,5",░ ▒ ▓,Ar,"L, D","1,5","1,5",*,,NA,G,,,,,,,,,,,,,,," Cassissier : Ben Conan, Titania Gadelier : Josta, blanc, red lake Groseiller : Doré Oregon champion, Pixwell Casseille :Jostaberry, nidigrolaria,",,
Robinia,pseudoacacia,Robinier Faux-Acacia,Black locust,3,○◐,▅,,░ ▒ ▓,A,"P, D",20,10,X,X,,,,,,,,,,,,,,,,,,,
Rosa,blanda,Rosier inerm,Smooth rose,2b,○◐,▅,"5,5 – 7,5",░ ▒ ,Ar,D,"1,5",1,*,*,N,G,*,X,BR,"Fl, Fr",X,É,"Rs, J",V,*,R,,,E,Peu d'épines,,,
Rosa,canina,Rosier rose (églantier),Dog rose,2,○◐, ▅█,"5,5 – 7,5",░ ▒ ▓,Ar,D,"1 – 1,8","1 – 1,5",*,*,N,G,*,X,BR,"Fl, Fr, G",X,É,"B, Rs",V,*,R,P,"B, D","Épi, E",Sol calcaire,,,
Rosa,rugosa,Rosier rugueux,Rugosa rose,3,,▅,"5,5 – 7,5",,Ar,D,,,*,*,N,G,*,X,BR,"Fl, Fr",X,É,Rs,V,*,R,,,"Épi, E",Très épineuse,,,
"Fr, Fe",fructicosus,Mûrier ronce,Blackberry,4,○◐●,▅,"5,5 – 7",░ ▒ ▓,Ar,D,3,3,*,*,NA,G,*,X,BR,"Fr, R, Fe",X,É,"B, Rs",V,*,R,A,BP,"Épi, E",,,,
Rubus,idaeus,Framboisier,Raspberry,2b,○◐,▅,"5,5 – 7",░ ▒,Ar,D,"1,5","1,5",*,*,NA,G,*,X,BR,Fr,X,É,B,V,*,R,A,BP,"Épi, E",,"Automn bliss, Kiwigold (jaune) Jewel (noir) Nova (rouge)",,
Rubus,odoratus,Ronce odorante  ,Purple-flowering raspberry,4,○◐●,▅,5 – 7,░ ▒,Ar,D,2,"1,5",*,*,NA,G,*,X,BR,Fr,X,É,Rs,V,*,R,A,BP,E,,,,
Rubus,pubescens,Ronce pubescente,Dewberry,2,○◐●,▅█,5 – 7,░ ▒,Ar,D,"0,30","0,60",*,*,N,G,X,*,Z,"Fr, Fe",X,É,B,V,*,R,A,St,,,,,
Rudbeckia,hirta,Rudbéckie hérissée,Black-eyed susan,3,○◐,▁▅█,"5,5 – 7,5",░ ▒ ▓,H,F,"0,2 – 0,9","0,1 – 0,5",*,*,N,G,*,X,*,*,X,"É, A",J,V,*,R,*,G,*,"Possiblement poison pour ruminants, teinture jaune",,,
Rumex,acetosa,Oseille,French sorrel,3,○◐,▅,"5 – 7,5",░ ▒ ▓,H,F,"0,6","0,9",*,X,*,*,*,*,,Fe,X,P,Rs,V,*,M,*,GD,"D,P","Acide oxalique, consommer avec modération",,,
Rumex,sanguineus,Oseille décorative,Red veined Dock,3b,○◐,█,"5 – 7,5",░ ▒ ▓,H,P,"0,7","0,5",*,,,,,,,Fe,x,É,V,VP,*,M,*,GD,"D,P","Acide oxalique, consommer avec modération",,,
Rumex,scutatus,Oseille ronde,Buckler - leaved sorrel,3,○◐,▁▅,"5 – 8,5",░ ▒ ▓,H,?,"0,3","0,3 – 0,6",*,X,*,*,X,*,?,Fe,X,É,"B, Rs",V,*,M,*,GD,P,"Acide oxalique, consommer avec modération",,,
Sagina,subulata,Sagine retombante ou subulée,Irish moss,3,○◐,▁▅,"5,5 – 7",░ ▒,H,S,"0,1","0,2",*,*,*,G,X,*,P,*,*,P,B,V,*,L,"P,A","D, S, P, A",*,Remplace le gazon. Supporte un piétinement léger à modérer. Feuillage semi-persistant à persistant. Pâte à dent?,,,
Sagittaria,latifolia,Sagittaire à larges feuilles,Broadleaf arrowhead,3, ○◐,█,,O,H,T,"0,45","0,6",*,*,*,G,*,*,*,Tu,*,É,"B, J",V,*,M,*,S,*,"15 à 30 cm d'eau au-dessus de la plante, mettre en pot pour faciliter la récolte du tubercule. ",,,"https://en.wikipedia.org/wiki/Sagittaria_latifolia , https://pfaf.org/user/plant.aspx?LatinName=Sagittaria+latifolia"
Salix,discolor,Saule Discolore,Pussy willow,2a, ○,  ▅█,"5,5 – 7,5",░ ▒ ▓,Ar,"D, S",6,4,*,X,NA,*,*,X,BR,*,X,P,"B, Br",V,*,R,"P, A",B,A,,,"11, ",
Salix,spp.,Saule,Willow,1+, ○◐,  ▅█,"5,5 – 7,5",▒ ▓,Ar,D,"0,5-12",10,*,X,NA,*,*,X,BR,*,X,P,"B, J",V,*,R,"P, A",B,A,Attention à l’infiltration des racines pourraient boucher drain ou fosse septiques endommager.,,,
Salvia,apiana,Sauge blanche  ,White sage,4,○,▁,"6,5 – 7,5",░ ▒,Ar,C,"0,5","0,6",*,*,N,S,*,*,P,"Fl, Fe, G",X,É,Rs,V,X,R,"P, A","B, DPA",*,Infusion des feuilles. Les graines peuvent faire une farine. Les femmes qui allaitent doivent s'abstenir de la consommer.,,,
Salvia,officinalis,Sauge officinale,Sage,5,○,▁,6 – 7,░ ▒,Ar,C,,"0,5",*,*,N,S,*,*,P,"Fl, Fe,  É",X,É,P,VP,X,,"P,A","B, DPA",D,,"éléphant, officinale,pourpre",,
Sambucus,canadensis,Sureau du canada,Elderberry,2,○◐, ▅█,"6 – 7,5",░ ▒ ▓,Ar, D,"3,5",2,*,*,NA,S,*,X,*,Fr,*,É,B,V,X,R,"P, A","BP, DPA",P,Les fruits font de bonne confiture.,,,
Saponaria,officinalis,Saponaire,,3, ○, ▅,6 – 7,░ ▒,H,R,"0,4 – 0,8","0,3",*,*,N,S,*,*,P,"Fl, Fe, R",X,"É, A","B, Rs",V,*,R,"P, A","S, B, D",E,"Savon, diurétique, efficace contre maladie de la peau. Peut en faire de la gélatine.",,,
Satureja,montana,Sarriette d'hiver,Winter Savory,5, ○,▁▅,"7,5 – 8",░,Ar,P,"0,35","0,3",*,X,N,S,X,*,P,"Fe, Fl",X,É,"B, Rs",V,*,R,"P, A","DP, BP, SP",*,Peu rustique au Québec. Aromate en fin de cuisson fraîches ou séchées. Saveur plus forte et piquante que hortensis. Plante digestive.,,,
Schisandra,chinensis,Schisandra chinensis,Schisandra,4,○◐, █,"5,5 – 6,5",▒ ▓,G,?,9,*,*,,N,G,*,*,*,"Fr, Fe",X,"P, É",Rs,VF,*,M,AD,"SP, BP",*,Certaine résistence au chevreuil,,,
Scorzonera,hispanica,Scorsonère (salsifis noir) ,Scorzonera (black salsify),4,○◐,▅,?, ▒ ▓,H,P,1,?,*,X,*,G,*,*,*,"Fl, Fe, R",*,É,J,V,*,R,*,"SP, BP",*,,,,
Sedum,spectabile,Orpin,Ice plant,4,○,▁,"7,0 – 8,5", ▒ ▓,H,F,"0,4","0,4",*,*,N,G,X,*,P,Fe,*,A,Rs,VP,A,R,*,"SP, BP",*,,,,
Sempervivum,tectorum,Joubarbe des toits,Houseleek,4,○,▁,"5,5 – 7,5 ", ░ ▒,H,F,"0,2","0,2",*,*,*,G,*,*,*,Fe,X,É,Rs,VP,*,M,*,"DP, SP",*,Garder les racines au sec l'hiver. Le sol doit avoir un bon drainage.,,,
Shepherdia,argentea,Shépherdie argenté,Silver buffaloberry,2,○◐,▁,5 – 9,░ ▒ ▓,Ar,L,4,3,X,*,N,G,*,X,*,Fr,*,P,J,VP,*,M,T,"SP, BP",*,Fruit contient de la saponine (molécule détruite à la cuisson) consommer avec modération cru. Plante Dioïque. Grande tolérance au sel.,,,https://arbres.hydroquebec.com/fiche-arbre-arbuste/4942
Shepherdia,canadensis,Shépherdie du Canada,Russet Buffaloberry,2,○,▁,5 – 9,░ ▒,Ar,L,"1,5",1,X,*,N,G,,,,,,,,,,L,,,,Fruit contient de la saponine (molécule détruite à la cuisson) consommer avec modération cru. Plante Dioïque. Grande tolérance au sel.,,,https://arbres.hydroquebec.com/fiche-arbre-arbuste/4943
Sium,sisarum,Chervis,Skirret,5,○◐, █,6 – 7, ░ ▒,H,FC,1,"0,4",*,*,N,G,*,*,*,R,*,É,B,V,*,R,*,"DP, SP",*,S. sisarum sisarum est le cultivar dont la racine est la plus goûteuse,,,
Smilax,herbacea,Smilax herbacé,Carrion-flower,4,○◐, ▅█,6 – 7,░ ▒ ▓,GH,R,3,"2,5",*,*,*,G,*,*,*,"Fr, Fe, JP, R",X,"P, É",B,VP,*,R,*,"S, M",G,"Plante dioique (plante sexué mâle ou femelle), on doit donc planter plusieurs spécimens pour s'assurer d'avoir des mâles et des femelles si on veut avoir des fruits et des semences. La fleur à une odeur de pouriture. Les fruits deviennent gouteux après les gels d'automne.",,http://aiglonindigo.com/produit/471/smilax-herbace,https://pfaf.org/USER/Plant.aspx?LatinName=Smilax+herbacea
Solidago,odora,Verge d'or à odeur d'anis,Sweet goldenrod,3,○◐,▅,5 – 8 ,*,H,F,"1,2","0,6",*,*,N,G,*,*,*,"Fe,G",X,A,J,VP,*,R,*,"DP, SP",*,Attire plusieurs insectes bénifiques,,,
Sorbus,americana,Sorbier d'Amérique,American mounted-Ash,3,○◐,▅,"5 – 7,5",*,A,S,F,5,*,*,NA,G,*,X,BR,FR,X,P,B,VF,H,L,T,SP,P,"Graines contiennent de l'acide cyanhydrique et peuvent être toxique consommer en grande quantité, mais pulpes du fruits comestibles.",,,
Sorbus,latifolia ,Sorbier,French hale,4,○◐,▅,5 – 7,*,A,S,14,10,*,*,NA,*,*,X,*,FR,*,P,B,VF,H,M,T,SP,*,,,,
Stachys,"affinis, tuberifera",Crosne du Japon,"Mintroot, Chinese Artichoke",5,○◐, █,"6,6 – 7,5 ", ░ ▒,H,"F, C","0,5","0,2",*,*,*,G,*,*,*,"Fe, R",*,A,P,VP,*,R,*,"DP, SP",E,"Pratiquement impossible de tout récolté les tubercules, donc tendance à s'étendre comme le topinambour",,,
Symphytum,officinale,Consoude,Comfrey,3,○◐,▅,"5,5 – 8",░ ▒ ▓,H,"F, C, P","0,75",1,*,X,NA,G,*,*,*,*,X,"P, É","B, P",V,*,R,T,"D, PAÉ","E, D",Accumulateur de nutriments,,,
Symphytum,x uplandicum,Consoude russe,Rusian comfrey,4,○◐,▅,"5,5 – 8",░ ▒ ▓,H,"F, C, P","0,5","1,2",*,X,NA,G,*,*,*,*,X,"P, É","B, P",V,*,R,T,"D, PAÉ","E, D",Accumulateur de nutriments,,,
Syringa,vulgaris,Lilas commun,Common lilac,2b,○◐,▅,"6,5 – 8,5",░ ▒ ▓,Ar,S,5,3,*,,,,,,,Fl ,X,,,,,,,,,,https://www.thepracticalherbalist.com/holistic-living/lilac-an-edible-and-medicinal-treat/,,
Tanacetum,parthenium,La Grande Camomille,Feverfew,4,,,,,H,,,,*,,,,,,,,,,,,,,,,D,,,,
Tanacetum,vulgare,Tanaisie commune,Tansy,,○◐,,,░ ▒ ▓,H,,,,*,,,,,,,,,,,,,,,,,,,,
Taraxacum,officinale,Pissenlit ,Dandelion,,○◐,,,░ ▒ ▓,H,P,"0,2","0,30",*,X,N,G,X,*,*,"Fe, R, Fl",X,"P, É",J,V,*,R,*,S,D,,,,
Thuja,occidentalis,Thuya occidental (cèdre),,,,,,,A,,,,*,,,,,,,,,,,,,,,,,,,,
Thymus,pseudolanuginosus,Thym laineux,Wooly thyme,,,,,,H,,,,*,,,,,,,Fe,X,,,,,,,,,"Couvresol, aromatique",,,
Thymus,serpyllum,Thym serpolet,,,,,,,H,,,,*,,,,,,,Fe,X,,,,,,,,,,,,
Thymus,vulgaris,Thym,Thyme,4,○,▁▅,6 – 8,░ ▒,H,,"0,2","0,3",*,,,,X,,,Fe,X,,,,,,,,"P, D",,,,
Tilia,americana,Tilleul américain,American Linden,3a,○◐,▅,"6 – 7,5",░ ▒ ▓,A,P,23,17,*,X,N,G,*,X,*,Fe,X,É,B,V,H,R,P,"M, PA",*,Jeunes feuilles délicieuse en salade. Feuilles riches en azote et autres minéraux.,,,
Tilia,cordata,Tilleul à petite feuille,Littleleaf linden,3,○◐,▅,"6 – 7,5",░ ▒ ▓,A,P,12,8,*,X,N,G,*,X,*,Fe,X,É,B,V,H,M,P,"M, PA",*,Jeunes feuilles délicieuse en salade. Feuilles riches en azote et autres minéraux.,,,
Trifolium,repens,Trèfle blanc,Dutch white clover,2,○◐,▅,"5,5 – 8",░ ▒ ▓,H,"F, D","0,2","0,25",X,X,NA,G,X,*,*,"Fl, Fe, G",*,"P, É, A",B,V,*,R,T,"S, D",*,Excellent couvresol,,,
Typha,angustifolia,Roseau à massette,Narrowleaf Cattail,,,,,O,H,,,,*,,,,,,,,,,,,,,,,,,,,
Typha,latifolia,Quenouille,Common Cattail,,,,,O,H,,,,*,,,,,,,"Jp, T, R, Fr",,,,,,,,,,,,,
Urtica,dioica,Grande Ortie ,Stinging Nettle,3,○◐,▅,"5,5 – 7,5",░ ▒ ▓,H,"F, R",1,*,*,X,A,,*,*,*,Fe,X,É,V,V,*,R,*,"D, S",B,Aime les sols riche en matière organique (4% et +),,,
Vaccinium,angustifolium,Airelle à feuilles étroites,"Blueberry, lowbush",2,◐,▁▅,"4,2 – 5,2",░ ▒ ▓,Ar,"L, S","0,6","0,6",*,*,N,G,X,,,,X,,,,,,,,*,,,,
Vaccinium,corymbosum,Bleuet / Bleuetier corymbe,"Blueberry, highbush",3,○◐,▁▅█,"4 – 5,5",░ ▒ ▓,Ar,"L, S",1,1,*,*,N,G,,,,,,,,,,,,,*,,,,
Vaccinium,macrocarpon,Canneberge (grande),Large Cranberry,3,○◐,█,"4 – 4,5",░ ▒,Ar,"L, S",2,*,*,*,,G,X,,,E,,,,,,,,,*,,,,
Vaccinium,oxycoccos,Canneberge (petite),Small Cranberry,,,,,,Ar,,,,*,*,,G,,,,,,,,,,,,,*,,,,
Vaccinium,vitis-idaea,Airelle vigne d'Ida,Lingonberry,2,○,▅,4 – 6,░ ▒ ▓,Ar,R,"0,5","0,5",*,*,N,G,X,*,*,Fr,X,"P, É",Rs,"VF, Po",*,M,*,"SP, M",*,Plusieurs cultivars interessant. ,,,
Valeriana ,officinalis,Valériane,Valerian ,,,,,,H,,,,*,*,,G,,,,,,,,,,,,,,,,,
Verbena,hastata,Verveine hastée/bleue,Blue Vervain,3,○,▅,,░ ▒ ▓,H,,"1,5","0,6",*,*,,G,,,,,X,,,,,,,,,,,,
Vernonia,noveboracensis,Vernonia noveboracensis,New York ironweed,3,○, ▅,5 – 7, ▒ ▓ ,H,S,"1,85","0,6",*,*,N,G,*,*,BR,*,?,"É, A",P,V,A,M,N,"BP, SA",*,Médicinal : thé avec racine pour maladies d'estomac. http://www.henriettes-herb.com/eclectic/kings/vernonia.html,,,
Viburnum,cassinoides,Viorne Cassinoides,Swamphaw,2a,○◐●,▅█,"5 – 7,5",░ ▒ ▓,Ar,"S, D",3,3,*,*,N,G,*,X,BR,Fr,X,P,B,V,A,R,AD,"BP, SA",*,,,,
Viburnum,lentago,Viorne Lentago,Nannyberry,2a,○◐●,▁▅ ,"5 – 7,5",░ ▒ ▓,Ar,"S, D",5,4,*,*,N,G,*,X,BR,Fr,X,P,B,V,A,R,AD,"BP, SA",*,,,,
Viburnum,trilobum,Viorne trilobée Pimbina  ,Highbush cranberry,2,○◐,▅ ,"6 – 7,5",░ ▒ ,Ar,S,3,2,*,*,NA,G,*,X,"BR, Z",Fr,X,P,B,V,"A, H",M,"AD, AF","BP, SA",*,,"Alfredo, compactum, wentworth",,
Vicia ,cracca,Vesce Jargeau,Blue vetch,,,,,,H,,,,,,,G,,,,,,,,,,,,,,,,,
Viola,canadensis,Violette du Canada,Canada violet,4,○◐,▅,6 – 7,░ ▒ ▓,H,R,"0,14","0,4",*,X,*,G,X,*,*,"Fl, Fe",X,P,B,V,*,M,N,SA,*,,,,
Viola,odorata,Violette odorante  ,"Wood violet, sweet violet",5,○◐,▅,"5,5 – 7,5",░ ▒ ▓,H,F,"0,1","0,5",*,X,*,G,X,*,*,"Fl, Fe",X,P,"P, B",V,*,M,N,SA,*,,,,
Viola,spp.,Violette,Violets,4,○◐,▅,"6 – 7,5",░ ▒ ▓,H,R,"0,15","0,4",*,X,*,G,X,*,*,"Fl, Fe",X,"P, É","B, J, P",V,*,M,N,SA,*,,,,
Viola ,tricolor,Pensée  (violette tricolore),Heartsease,3,○◐,▅,6 – 7,░ ▒ ▓,H,R,"0,15","0,4",*,?,*,G,X,*,*,"Fl, Fe",X,É,"B, J, P",V,*,M,N,SA,*,,,,
Vitis,spp.,Vigne à raisins,Grape vine,2+,○,▅,?,░ ▒ ▓,G,L,15,3,*,*,N,V,*,X,*,"FL, Fe, Fr",X,É,B,V,A,M,AD,"SA, BP",V,,voir plusieurs suggestions (à la fin) :  http://eap.mcgill.ca/CPG_1_F.htm,,
Waldsteinia,fragaroides,Waldsteinie faux-fraisier,"Strawberry, barren",4,○◐,▁▅,"5,5 – 7,5",░ ▒ ▓,H,R,"0,15","0,3",*,*,*,G,X,*,*,*,*,É,J,V,*,L,N,DP,*,Recommandé pour éloigner cerfs,,,
Xanthoceras,sorbifolium,Xanthoceras,Yellowhorn,5,,,,,,,,,,,,,,,,,,,,,,,,,,,,http://www.arbres-fruitiers.ca/nos-arbres/permaculture/xanthoceras-xanthoceras-sorbifolium-zone-5,https://pfaf.org/user/Plant.aspx?LatinName=Xanthoceras+sorbifolium
Zanthoxylum,americanum,Clavalier d’Amérique,Prickly ash,4,○◐,,7,,Ar,,,,,,N,G,*,X,,Fr,X,,,,,,,,,Épice boréal - Poivre de Clavalier. Arbuste très épineu.,,,https://fr.wikipedia.org/wiki/Zanthoxylum_americanum
Zizia,aurea,Zizia doré,Golden zizia,4,○◐,▁▅█,"6,1 – 7,8",░ ▒ ▓,H,C,"0,8","0,4",*,*,*,G,X,*,*,Fl,X,P,J,V,*,M,N,"SA, DP",*,Produit de nectare pour les insectes pollenisateurs et autres alliés.,,,